,Electronics,Books,Clothing,Home & Kitchen,Toys
Electronics,0.9013333333333333,0.8213333333333334,0.8493333333333334,0.892,0.8773333333333333
Books,0.804,0.8973333333333333,0.7906666666666666,0.7933333333333333,0.864
Clothing,0.8413333333333334,0.7773333333333333,0.8893333333333333,0.8853333333333333,0.848
Home & Kitchen,0.828,0.756,0.8786666666666667,0.908,0.8266666666666667
Toys,0.8253333333333334,0.8106666666666666,0.8306666666666667,0.852,0.9093333333333333
