,Electronics,Books,Clothing,Home & Kitchen,Toys
Electronics,0.884,0.8013333333333333,0.8146666666666667,0.8853333333333333,0.856
Books,0.7573333333333333,0.892,0.78,0.8013333333333333,0.8466666666666667
Clothing,0.8653333333333333,0.804,0.8906666666666667,0.8853333333333333,0.8666666666666667
Home & Kitchen,0.848,0.7773333333333333,0.876,0.9186666666666666,0.8533333333333334
Toys,0.8226666666666667,0.7973333333333333,0.8573333333333333,0.8693333333333333,0.9146666666666666
