,Electronics,Books,Clothing,Home & Kitchen,Toys
Electronics,0.9066666666666666,0.8093333333333333,0.848,0.8853333333333333,0.8706666666666667
Books,0.804,0.912,0.7973333333333333,0.8066666666666666,0.8506666666666667
Clothing,0.8653333333333333,0.8106666666666666,0.8973333333333333,0.9,0.8733333333333333
Home & Kitchen,0.872,0.7986666666666666,0.876,0.9173333333333333,0.864
Toys,0.8506666666666667,0.816,0.868,0.8693333333333333,0.9226666666666666
