,Electronics,Books,Clothing,Home & Kitchen,Toys
Electronics,0.8853333333333333,0.7546666666666667,0.7893333333333333,0.844,0.8226666666666667
Books,0.7466666666666667,0.8706666666666667,0.748,0.7453333333333333,0.8053333333333333
Clothing,0.808,0.7333333333333333,0.872,0.8693333333333333,0.8066666666666666
Home & Kitchen,0.7986666666666666,0.716,0.828,0.8853333333333333,0.8013333333333333
Toys,0.76,0.776,0.7826666666666666,0.8146666666666667,0.8653333333333333
