,Electronics,Books,Clothing,Home & Kitchen,Toys
Electronics,0.9093333333333333,0.808,0.8493333333333334,0.8946666666666667,0.8653333333333333
Books,0.82,0.9173333333333333,0.8053333333333333,0.82,0.86
Clothing,0.864,0.816,0.896,0.8986666666666666,0.8666666666666667
Home & Kitchen,0.8533333333333334,0.7786666666666666,0.8853333333333333,0.9173333333333333,0.8466666666666667
Toys,0.86,0.8186666666666667,0.8613333333333333,0.88,0.9146666666666666
