,Electronics,Books,Clothing,Home & Kitchen,Toys
Electronics,0.885325994196962,0.7542735042735043,0.7888468364445015,0.8439198094665525,0.8225527849873431
Books,0.7366884460737937,0.8701567578276288,0.737645266787464,0.7373193554834699,0.8042419605122961
Clothing,0.8054418631463653,0.7274709302325582,0.871634872526297,0.868491680085883,0.8037779289414473
Home & Kitchen,0.7943223898921032,0.7040016750077358,0.8271367593904494,0.885097195302702,0.7984957959100507
Toys,0.7525659824046921,0.775942641316177,0.7776185079611664,0.8115138376867459,0.8652276718280465
