,Electronics,Books,Clothing,Home & Kitchen,Toys
Electronics,0.904,0.8213333333333334,0.8466666666666667,0.8946666666666667,0.8733333333333333
Books,0.8053333333333333,0.912,0.7946666666666666,0.8093333333333333,0.8506666666666667
Clothing,0.8533333333333334,0.7906666666666666,0.8906666666666667,0.8906666666666667,0.8573333333333333
Home & Kitchen,0.84,0.7733333333333333,0.872,0.908,0.8413333333333334
Toys,0.8386666666666667,0.816,0.8386666666666667,0.8613333333333333,0.9066666666666666
