,Electronics,Books,Clothing,Home & Kitchen,Toys
Electronics,0.883953581432573,0.801075527216606,0.8137365081804067,0.8852157943067034,0.8555026723086034
Books,0.7517983256842365,0.8917365107256594,0.7752529425973314,0.8006155493108524,0.8465681975454469
Clothing,0.8646574627785689,0.803921568627451,0.8906036543715847,0.885320285330242,0.8664234980658123
Home & Kitchen,0.8460690906734072,0.7747054982650974,0.8759627336924338,0.9186653653125116,0.8527795226130653
Toys,0.8191214470284238,0.7968117264586779,0.8568628255367421,0.8687021700762421,0.9146642393383635
