,Electronics,Books,Clothing,Home & Kitchen,Toys
Electronics,0.9413333333333334,0.876,0.8893333333333333,0.9173333333333333,0.9453333333333334
Books,0.896,0.928,0.8973333333333333,0.8666666666666667,0.924
Clothing,0.9173333333333333,0.848,0.9173333333333333,0.9066666666666666,0.9293333333333333
Home & Kitchen,0.904,0.8426666666666667,0.912,0.9173333333333333,0.9013333333333333
Toys,0.908,0.8853333333333333,0.9133333333333333,0.9,0.948
