,Electronics,Books,Clothing,Home & Kitchen,Toys
Electronics,0.9413183108209036,0.8759891972811854,0.889323692197187,0.9173327454773011,0.9453285708443935
Books,0.8957598306498171,0.9279261964251393,0.8973331508144904,0.866551841940443,0.9239836480380669
Clothing,0.9173186344238975,0.8479989191034247,0.9172621420030747,0.9066002490660025,0.9293322026485757
Home & Kitchen,0.90363750571037,0.8416532474503489,0.9119993742177722,0.9172338668337415,0.9010229412771786
Toys,0.9075726157753452,0.8853129445234709,0.9132517514248956,0.899806024463361,0.9479925109215727
