,Electronics,Books,Clothing,Home & Kitchen,Toys
Electronics,0.9306489127883404,0.8426386913229018,0.8892622643154096,0.8959970416936305,0.9253200568990043
Books,0.8755519871537536,0.9173239266334303,0.8570565949010618,0.850321808112558,0.9039938556067588
Clothing,0.9066560461990343,0.8584694044677381,0.9066660029582432,0.9079985279764475,0.9239987839805437
Home & Kitchen,0.9064964486460686,0.8596584398295586,0.8973243891467879,0.9199857752489331,0.9293050553554756
Toys,0.8885469204037019,0.8773333333333333,0.8875770899954317,0.8630024140228222,0.9239609328170384
