,Electronics,Books,Clothing,Home & Kitchen,Toys
Electronics,0.936,0.8773333333333333,0.8946666666666667,0.9066666666666666,0.9253333333333333
Books,0.8706666666666667,0.9186666666666666,0.844,0.8333333333333334,0.9093333333333333
Clothing,0.9186666666666666,0.856,0.9106666666666666,0.9106666666666666,0.9186666666666666
Home & Kitchen,0.9146666666666666,0.8653333333333333,0.8986666666666666,0.912,0.9346666666666666
Toys,0.8986666666666666,0.8666666666666667,0.8813333333333333,0.8746666666666667,0.9333333333333333
