,Electronics,Books,Clothing,Home & Kitchen,Toys
Electronics,0.9306666666666666,0.8426666666666667,0.8893333333333333,0.896,0.9253333333333333
Books,0.876,0.9173333333333333,0.8573333333333333,0.8506666666666667,0.904
Clothing,0.9066666666666666,0.8586666666666667,0.9066666666666666,0.908,0.924
Home & Kitchen,0.9066666666666666,0.86,0.8973333333333333,0.92,0.9293333333333333
Toys,0.8893333333333333,0.8773333333333333,0.888,0.864,0.924
