,Electronics,Books,Clothing,Home & Kitchen,Toys
Electronics,0.9359981795037725,0.8773333333333333,0.8945494994438266,0.9066606929510155,0.9253073070794446
Books,0.8701122480132977,0.9186653653125116,0.8433312682222249,0.8324321908932482,0.9092920511379401
Clothing,0.918649167198633,0.8559344341602578,0.9106588840627895,0.9106474459394821,0.918666522073817
Home & Kitchen,0.9146174863387978,0.8653330939255004,0.8986551358732371,0.912,0.9346609749115923
Toys,0.8980570022320151,0.8666657185117761,0.8808654788315358,0.8739126080238082,0.9333029787778971
