few_shot_size,accuracy,macro_f1
0,0.54,0.507378377194903
16,0.5693333333333334,0.5687744650400253
32,0.5226666666666666,0.44276570840354973
64,0.5893333333333334,0.5846070850566445
