few_shot_size,accuracy,macro_f1
0,0.8333333333333334,0.8324321908932482
16,0.8466666666666667,0.8466642132940794
32,0.852,0.851860683202514
64,0.8493333333333334,0.8493309226280954
