few_shot_size,accuracy,macro_f1
0,0.8426666666666667,0.8426386913229018
16,0.8666666666666667,0.866551841940443
32,0.8413333333333334,0.8403453192109749
64,0.8693333333333333,0.869287787389028
