few_shot_size,accuracy,macro_f1
0,0.58,0.5728550997937049
16,0.5,0.3333333333333333
32,0.5,0.3333333333333333
64,0.5,0.3333333333333333
