few_shot_size,accuracy,macro_f1
0,0.8426666666666667,0.8416532474503489
16,0.8613333333333333,0.861270195858026
32,0.8666666666666667,0.8666201912132938
64,0.8786666666666667,0.8786647253022715
