,Electronics,Books,Clothing,Home & Kitchen,Toys
Electronics,0.7159954559272949,0.6531754896450651,0.6797149193635209,0.6778827047516534,0.6897842752718845
Books,0.6818957047419463,0.7073627009932741,0.6405950776332581,0.626127037336724,0.696
Clothing,0.6487417394382817,0.6132862017166183,0.7173597380956208,0.6861471861471862,0.7199483762443717
Home & Kitchen,0.6344023355080324,0.5728550997937049,0.6750288417475157,0.7063659854357529,0.6383928571428572
Toys,0.6323933661212982,0.6455724163903972,0.6523858598746953,0.6100294644404645,0.7604710290378697
