,Electronics,Books,Clothing,Home & Kitchen,Toys
Electronics,0.716,0.6533333333333333,0.6826666666666666,0.6786666666666666,0.6906666666666667
Books,0.684,0.708,0.644,0.632,0.696
Clothing,0.6613333333333333,0.6306666666666667,0.7186666666666667,0.6906666666666667,0.7253333333333334
Home & Kitchen,0.6386666666666667,0.58,0.676,0.7066666666666667,0.64
Toys,0.6493333333333333,0.652,0.66,0.628,0.7613333333333333
