,Electronics,Books,Clothing,Home & Kitchen,Toys
Electronics,0.7546038452510508,0.6626180836707152,0.6920602647474894,0.7086620907905147,0.7129499799690951
Books,0.6702089663675963,0.7185821162269197,0.6555760659132862,0.6221551719400065,0.6885753950503537
Clothing,0.6893327810360552,0.6279675918435561,0.7445699949538086,0.714268420340528,0.7307550111716578
Home & Kitchen,0.5614035087719298,0.507378377194903,0.6179993642353485,0.6563852813852813,0.5840219925763925
Toys,0.629381047911258,0.6555760659132862,0.6330023229543177,0.6209596495982539,0.7444934549300724
