,Electronics,Books,Clothing,Home & Kitchen,Toys
Electronics,0.7546666666666667,0.6626666666666666,0.6946666666666667,0.7093333333333334,0.7146666666666667
Books,0.6733333333333333,0.7186666666666667,0.66,0.6333333333333333,0.6893333333333334
Clothing,0.6893333333333334,0.628,0.7453333333333333,0.7146666666666667,0.732
Home & Kitchen,0.5866666666666667,0.54,0.624,0.6613333333333333,0.6013333333333334
Toys,0.6426666666666667,0.66,0.6413333333333333,0.632,0.7453333333333333
